/*
 Navicat Premium Data Transfer

 Source Server         : 127.0.0.1
 Source Server Type    : MySQL
 Source Server Version : 50542
 Source Host           : localhost
 Source Database       : wan_an

 Target Server Type    : MySQL
 Target Server Version : 50542
 File Encoding         : utf-8

 Date: 06/10/2017 14:25:46 PM
*/

SET NAMES utf8mb4;
SET FOREIGN_KEY_CHECKS = 0;

-- ----------------------------
--  Table structure for `log_upload`
-- ----------------------------
DROP TABLE IF EXISTS `log_upload`;
CREATE TABLE `log_upload` (
  `id` int(11) NOT NULL AUTO_INCREMENT,
  `userId` int(11) DEFAULT NULL,
  `title` varchar(128) NOT NULL,
  `filename` varchar(255) DEFAULT NULL,
  `fileori` varchar(255) DEFAULT NULL,
  `params` longblob,
  `values` longblob,
  `warning` longblob,
  `keys` text,
  `type` tinyint(1) DEFAULT NULL,
  `userCreate` int(11) DEFAULT NULL,
  `userUpdate` int(11) DEFAULT NULL,
  `updateDate` timestamp NOT NULL DEFAULT CURRENT_TIMESTAMP ON UPDATE CURRENT_TIMESTAMP,
  `createDate` datetime DEFAULT NULL,
  PRIMARY KEY (`id`)
) ENGINE=InnoDB DEFAULT CHARSET=utf8;

-- ----------------------------
--  Table structure for `tbl_dynagrid`
-- ----------------------------
DROP TABLE IF EXISTS `tbl_dynagrid`;
CREATE TABLE `tbl_dynagrid` (
  `id` varchar(100) NOT NULL COMMENT 'Unique dynagrid setting identifier',
  `filter_id` varchar(100) DEFAULT NULL COMMENT 'Filter setting identifier',
  `sort_id` varchar(100) DEFAULT NULL COMMENT 'Sort setting identifier',
  `data` varchar(5000) DEFAULT NULL COMMENT 'Json encoded data for the dynagrid configuration',
  PRIMARY KEY (`id`),
  KEY `tbl_dynagrid_FK1` (`filter_id`),
  KEY `tbl_dynagrid_FK2` (`sort_id`),
  CONSTRAINT `tbl_dynagrid_FK1` FOREIGN KEY (`filter_id`) REFERENCES `tbl_dynagrid_dtl` (`id`),
  CONSTRAINT `tbl_dynagrid_FK2` FOREIGN KEY (`sort_id`) REFERENCES `tbl_dynagrid_dtl` (`id`)
) ENGINE=InnoDB DEFAULT CHARSET=utf8;

-- ----------------------------
--  Table structure for `tbl_dynagrid_dtl`
-- ----------------------------
DROP TABLE IF EXISTS `tbl_dynagrid_dtl`;
CREATE TABLE `tbl_dynagrid_dtl` (
  `id` varchar(100) NOT NULL COMMENT 'Unique dynagrid detail setting identifier',
  `category` varchar(10) NOT NULL COMMENT 'Dynagrid detail setting category "filter" or "sort"',
  `name` varchar(150) NOT NULL COMMENT 'Name to identify the dynagrid detail setting',
  `data` varchar(5000) DEFAULT NULL COMMENT 'Json encoded data for the dynagrid detail configuration',
  `dynagrid_id` varchar(100) NOT NULL COMMENT 'Related dynagrid identifier',
  PRIMARY KEY (`id`),
  UNIQUE KEY `tbl_dynagrid_dtl_UK1` (`name`,`category`,`dynagrid_id`)
) ENGINE=InnoDB DEFAULT CHARSET=utf8;

-- ----------------------------
--  Table structure for `wa_adminuser`
-- ----------------------------
DROP TABLE IF EXISTS `wa_adminuser`;
CREATE TABLE `wa_adminuser` (
  `id` int(11) NOT NULL AUTO_INCREMENT,
  `username` varchar(255) COLLATE utf8_unicode_ci NOT NULL,
  `auth_key` varchar(32) COLLATE utf8_unicode_ci NOT NULL,
  `password_hash` varchar(255) COLLATE utf8_unicode_ci NOT NULL,
  `password_reset_token` varchar(255) COLLATE utf8_unicode_ci DEFAULT NULL,
  `email` varchar(255) COLLATE utf8_unicode_ci NOT NULL,
  `status` smallint(6) NOT NULL DEFAULT '10',
  `created_at` int(11) NOT NULL,
  `updated_at` int(11) NOT NULL,
  PRIMARY KEY (`id`),
  UNIQUE KEY `username` (`username`),
  UNIQUE KEY `email` (`email`),
  UNIQUE KEY `password_reset_token` (`password_reset_token`)
) ENGINE=InnoDB AUTO_INCREMENT=2 DEFAULT CHARSET=utf8 COLLATE=utf8_unicode_ci;

-- ----------------------------
--  Records of `wa_adminuser`
-- ----------------------------
BEGIN;
INSERT INTO `wa_adminuser` VALUES ('1', 'admin', 'JAbY85Q5ozahz1h2hddB-uy5MWfcU-Wy', '$2y$13$vknBz7miG4O.W.mlPBLFE.0vcKiqHvMcz1xKCoZTyTPRVfEBCvvHG', null, 'a@a.com', '10', '1495553266', '1495553266');
COMMIT;

-- ----------------------------
--  Table structure for `wa_announcements`
-- ----------------------------
DROP TABLE IF EXISTS `wa_announcements`;
CREATE TABLE `wa_announcements` (
  `id` int(10) unsigned NOT NULL AUTO_INCREMENT,
  `title` varchar(30) NOT NULL COMMENT '标题',
  `content` text NOT NULL,
  `created_at` int(10) NOT NULL DEFAULT '0' COMMENT '发布时间',
  `status` int(10) DEFAULT NULL COMMENT '状态',
  `author` varchar(20) DEFAULT NULL COMMENT '发布人',
  PRIMARY KEY (`id`)
) ENGINE=InnoDB DEFAULT CHARSET=utf8 COMMENT='公告管理';

-- ----------------------------
--  Table structure for `wa_auth_assignment`
-- ----------------------------
DROP TABLE IF EXISTS `wa_auth_assignment`;
CREATE TABLE `wa_auth_assignment` (
  `item_name` varchar(64) COLLATE utf8_unicode_ci NOT NULL,
  `user_id` varchar(64) COLLATE utf8_unicode_ci NOT NULL,
  `created_at` int(11) DEFAULT NULL,
  PRIMARY KEY (`item_name`,`user_id`),
  CONSTRAINT `wa_auth_assignment_ibfk_1` FOREIGN KEY (`item_name`) REFERENCES `wa_auth_item` (`name`) ON DELETE CASCADE ON UPDATE CASCADE
) ENGINE=InnoDB DEFAULT CHARSET=utf8 COLLATE=utf8_unicode_ci;

-- ----------------------------
--  Records of `wa_auth_assignment`
-- ----------------------------
BEGIN;
INSERT INTO `wa_auth_assignment` VALUES ('RBAC管理', '1', '1495557448'), ('管理员', '1', '1495555351');
COMMIT;

-- ----------------------------
--  Table structure for `wa_auth_item`
-- ----------------------------
DROP TABLE IF EXISTS `wa_auth_item`;
CREATE TABLE `wa_auth_item` (
  `name` varchar(64) COLLATE utf8_unicode_ci NOT NULL,
  `type` smallint(6) NOT NULL,
  `description` text COLLATE utf8_unicode_ci,
  `rule_name` varchar(64) COLLATE utf8_unicode_ci DEFAULT NULL,
  `data` blob,
  `created_at` int(11) DEFAULT NULL,
  `updated_at` int(11) DEFAULT NULL,
  PRIMARY KEY (`name`),
  KEY `rule_name` (`rule_name`),
  KEY `idx-auth_item-type` (`type`),
  CONSTRAINT `wa_auth_item_ibfk_1` FOREIGN KEY (`rule_name`) REFERENCES `wa_auth_rule` (`name`) ON DELETE SET NULL ON UPDATE CASCADE
) ENGINE=InnoDB DEFAULT CHARSET=utf8 COLLATE=utf8_unicode_ci;

-- ----------------------------
--  Records of `wa_auth_item`
-- ----------------------------
BEGIN;
INSERT INTO `wa_auth_item` VALUES ('/admin/*', '2', null, null, null, '1495553461', '1495553461'), ('/admin/assignment/*', '2', null, null, null, '1495553461', '1495553461'), ('/admin/assignment/assign', '2', null, null, null, '1495553461', '1495553461'), ('/admin/assignment/index', '2', null, null, null, '1495553461', '1495553461'), ('/admin/assignment/revoke', '2', null, null, null, '1495553461', '1495553461'), ('/admin/assignment/view', '2', null, null, null, '1495553461', '1495553461'), ('/admin/default/*', '2', null, null, null, '1495553461', '1495553461'), ('/admin/default/index', '2', null, null, null, '1495553461', '1495553461'), ('/admin/menu/*', '2', null, null, null, '1495553461', '1495553461'), ('/admin/menu/create', '2', null, null, null, '1495553461', '1495553461'), ('/admin/menu/delete', '2', null, null, null, '1495553461', '1495553461'), ('/admin/menu/index', '2', null, null, null, '1495553461', '1495553461'), ('/admin/menu/update', '2', null, null, null, '1495553461', '1495553461'), ('/admin/menu/view', '2', null, null, null, '1495553461', '1495553461'), ('/admin/permission/*', '2', null, null, null, '1495553461', '1495553461'), ('/admin/permission/assign', '2', null, null, null, '1495553461', '1495553461'), ('/admin/permission/create', '2', null, null, null, '1495553461', '1495553461'), ('/admin/permission/delete', '2', null, null, null, '1495553461', '1495553461'), ('/admin/permission/index', '2', null, null, null, '1495553461', '1495553461'), ('/admin/permission/remove', '2', null, null, null, '1495553461', '1495553461'), ('/admin/permission/update', '2', null, null, null, '1495553461', '1495553461'), ('/admin/permission/view', '2', null, null, null, '1495553461', '1495553461'), ('/admin/role/*', '2', null, null, null, '1495553461', '1495553461'), ('/admin/role/assign', '2', null, null, null, '1495553461', '1495553461'), ('/admin/role/create', '2', null, null, null, '1495553461', '1495553461'), ('/admin/role/delete', '2', null, null, null, '1495553461', '1495553461'), ('/admin/role/index', '2', null, null, null, '1495553461', '1495553461'), ('/admin/role/remove', '2', null, null, null, '1495553461', '1495553461'), ('/admin/role/update', '2', null, null, null, '1495553461', '1495553461'), ('/admin/role/view', '2', null, null, null, '1495553461', '1495553461'), ('/admin/route/*', '2', null, null, null, '1495553461', '1495553461'), ('/admin/route/assign', '2', null, null, null, '1495553461', '1495553461'), ('/admin/route/create', '2', null, null, null, '1495553461', '1495553461'), ('/admin/route/index', '2', null, null, null, '1495553461', '1495553461'), ('/admin/route/refresh', '2', null, null, null, '1495553461', '1495553461'), ('/admin/route/remove', '2', null, null, null, '1495553461', '1495553461'), ('/admin/rule/*', '2', null, null, null, '1495553461', '1495553461'), ('/admin/rule/create', '2', null, null, null, '1495553461', '1495553461'), ('/admin/rule/delete', '2', null, null, null, '1495553461', '1495553461'), ('/admin/rule/index', '2', null, null, null, '1495553461', '1495553461'), ('/admin/rule/update', '2', null, null, null, '1495553461', '1495553461'), ('/admin/rule/view', '2', null, null, null, '1495553461', '1495553461'), ('/admin/user/*', '2', null, null, null, '1495553461', '1495553461'), ('/admin/user/activate', '2', null, null, null, '1495553461', '1495553461'), ('/admin/user/change-password', '2', null, null, null, '1495553461', '1495553461'), ('/admin/user/delete', '2', null, null, null, '1495553461', '1495553461'), ('/admin/user/index', '2', null, null, null, '1495553461', '1495553461'), ('/admin/user/logout', '2', null, null, null, '1495553461', '1495553461'), ('/admin/user/request-password-reset', '2', null, null, null, '1495553461', '1495553461'), ('/admin/user/reset-password', '2', null, null, null, '1495553461', '1495553461'), ('/admin/user/signup', '2', null, null, null, '1495553461', '1495553461'), ('/admin/user/view', '2', null, null, null, '1495553461', '1495553461'), ('/announcements/*', '2', null, null, null, '1495766911', '1495766911'), ('/announcements/create', '2', null, null, null, '1495766974', '1495766974'), ('/announcements/delete', '2', null, null, null, '1495766974', '1495766974'), ('/announcements/index', '2', null, null, null, '1495766973', '1495766973'), ('/announcements/parsing', '2', null, null, null, '1495766974', '1495766974'), ('/announcements/parsing-log', '2', null, null, null, '1495766974', '1495766974'), ('/announcements/sample', '2', null, null, null, '1495766974', '1495766974'), ('/announcements/update', '2', null, null, null, '1495766974', '1495766974'), ('/announcements/view', '2', null, null, null, '1495766974', '1495766974'), ('/bonus/*', '2', null, null, null, '1496223270', '1496223270'), ('/bonus/index', '2', null, null, null, '1496223278', '1496223278'), ('/branner/*', '2', null, null, null, '1495777806', '1495777806'), ('/branner/create', '2', null, null, null, '1495777806', '1495777806'), ('/branner/delete', '2', null, null, null, '1495777806', '1495777806'), ('/branner/index', '2', null, null, null, '1495777805', '1495777805'), ('/branner/parsing', '2', null, null, null, '1495777806', '1495777806'), ('/branner/parsing-log', '2', null, null, null, '1495777806', '1495777806'), ('/branner/sample', '2', null, null, null, '1495777806', '1495777806'), ('/branner/update', '2', null, null, null, '1495777806', '1495777806'), ('/branner/view', '2', null, null, null, '1495777806', '1495777806'), ('/count/*', '2', null, null, null, '1496283400', '1496283400'), ('/count/index', '2', null, null, null, '1496283404', '1496283404'), ('/debug/*', '2', null, null, null, '1495553461', '1495553461'), ('/debug/default/*', '2', null, null, null, '1495553461', '1495553461'), ('/debug/default/db-explain', '2', null, null, null, '1495553461', '1495553461'), ('/debug/default/download-mail', '2', null, null, null, '1495553461', '1495553461'), ('/debug/default/index', '2', null, null, null, '1495553461', '1495553461'), ('/debug/default/toolbar', '2', null, null, null, '1495553461', '1495553461'), ('/debug/default/view', '2', null, null, null, '1495553461', '1495553461'), ('/deposit/*', '2', null, null, null, '1496371433', '1496371433'), ('/deposit/end', '2', null, null, null, '1496371518', '1496371518'), ('/deposit/increase', '2', null, null, null, '1496371602', '1496371602'), ('/deposit/open', '2', null, null, null, '1496371510', '1496371510'), ('/deposit/reduce', '2', null, null, null, '1496371634', '1496371634'), ('/dynagrid/*', '2', null, null, null, '1495553461', '1495553461'), ('/dynagrid/settings/*', '2', null, null, null, '1495553461', '1495553461'), ('/dynagrid/settings/get-config', '2', null, null, null, '1495553461', '1495553461'), ('/fruiter/*', '2', null, null, null, '1496215224', '1496215224'), ('/fruiter/index', '2', null, null, null, '1496215311', '1496215311'), ('/fruiter/update', '2', null, null, null, '1496215338', '1496215338'), ('/give/*', '2', null, null, null, '1496212929', '1496212929'), ('/give/index', '2', null, null, null, '1496213018', '1496213018'), ('/goods/*', '2', null, null, null, '1496284298', '1496284298'), ('/goods/create', '2', null, null, null, '1496284350', '1496284350'), ('/goods/delete', '2', null, null, null, '1496284350', '1496284350'), ('/goods/index', '2', null, null, null, '1496284350', '1496284350'), ('/goods/parsing', '2', null, null, null, '1496284350', '1496284350'), ('/goods/parsing-log', '2', null, null, null, '1496284350', '1496284350'), ('/goods/sample', '2', null, null, null, '1496284350', '1496284350'), ('/goods/update', '2', null, null, null, '1496284350', '1496284350'), ('/goods/view', '2', null, null, null, '1496284350', '1496284350'), ('/gridview/*', '2', null, null, null, '1495553461', '1495553461'), ('/gridview/export/*', '2', null, null, null, '1495553461', '1495553461'), ('/gridview/export/download', '2', null, null, null, '1495553461', '1495553461'), ('/member/*', '2', null, null, null, '1495595775', '1495595775'), ('/member/create', '2', null, null, null, '1495595775', '1495595775'), ('/member/delete', '2', null, null, null, '1495595775', '1495595775'), ('/member/index', '2', null, null, null, '1495595775', '1495595775'), ('/member/outline', '2', null, null, null, '1495696926', '1495696926'), ('/member/parsing', '2', null, null, null, '1495595775', '1495595775'), ('/member/parsing-log', '2', null, null, null, '1495595775', '1495595775'), ('/member/sample', '2', null, null, null, '1495595775', '1495595775'), ('/member/update', '2', null, null, null, '1495595775', '1495595775'), ('/member/view', '2', null, null, null, '1495595775', '1495595775'), ('/outline/*', '2', null, null, null, '1495763702', '1495763702'), ('/outline/index', '2', null, null, null, '1495763725', '1495763725'), ('/record/*', '2', null, null, null, '1495626463', '1495626463'), ('/record/delete', '2', null, null, null, '1495680404', '1495680404'), ('/record/index', '2', null, null, null, '1495680393', '1495680393'), ('/record/parsing', '2', null, null, null, '1495680414', '1495680414'), ('/record/parsing-log', '2', null, null, null, '1495680408', '1495680408'), ('/record/sample', '2', null, null, null, '1495680412', '1495680412'), ('/record/update', '2', null, null, null, '1495680401', '1495680401'), ('RBAC管理', '2', null, null, null, '1495557434', '1495557434'), ('管理员', '1', '具有后台管理员的角色', null, null, '1495553016', '1495767296'), ('财务员', '1', '负责审核提现申请的角色', null, null, '1495553314', '1495553314');
COMMIT;

-- ----------------------------
--  Table structure for `wa_auth_item_child`
-- ----------------------------
DROP TABLE IF EXISTS `wa_auth_item_child`;
CREATE TABLE `wa_auth_item_child` (
  `parent` varchar(64) COLLATE utf8_unicode_ci NOT NULL,
  `child` varchar(64) COLLATE utf8_unicode_ci NOT NULL,
  PRIMARY KEY (`parent`,`child`),
  KEY `child` (`child`),
  CONSTRAINT `wa_auth_item_child_ibfk_1` FOREIGN KEY (`parent`) REFERENCES `wa_auth_item` (`name`) ON DELETE CASCADE ON UPDATE CASCADE,
  CONSTRAINT `wa_auth_item_child_ibfk_2` FOREIGN KEY (`child`) REFERENCES `wa_auth_item` (`name`) ON DELETE CASCADE ON UPDATE CASCADE
) ENGINE=InnoDB DEFAULT CHARSET=utf8 COLLATE=utf8_unicode_ci;

-- ----------------------------
--  Records of `wa_auth_item_child`
-- ----------------------------
BEGIN;
INSERT INTO `wa_auth_item_child` VALUES ('RBAC管理', '/admin/*'), ('RBAC管理', '/admin/assignment/*'), ('RBAC管理', '/admin/assignment/assign'), ('RBAC管理', '/admin/assignment/index'), ('RBAC管理', '/admin/assignment/revoke'), ('RBAC管理', '/admin/assignment/view'), ('RBAC管理', '/admin/default/*'), ('RBAC管理', '/admin/default/index'), ('RBAC管理', '/admin/menu/*'), ('RBAC管理', '/admin/menu/create'), ('RBAC管理', '/admin/menu/delete'), ('RBAC管理', '/admin/menu/index'), ('RBAC管理', '/admin/menu/update'), ('RBAC管理', '/admin/menu/view'), ('RBAC管理', '/admin/permission/*'), ('RBAC管理', '/admin/permission/assign'), ('RBAC管理', '/admin/permission/create'), ('RBAC管理', '/admin/permission/delete'), ('RBAC管理', '/admin/permission/index'), ('RBAC管理', '/admin/permission/remove'), ('RBAC管理', '/admin/permission/update'), ('RBAC管理', '/admin/permission/view'), ('RBAC管理', '/admin/role/*'), ('RBAC管理', '/admin/role/assign'), ('RBAC管理', '/admin/role/create'), ('RBAC管理', '/admin/role/delete'), ('RBAC管理', '/admin/role/index'), ('RBAC管理', '/admin/role/remove'), ('RBAC管理', '/admin/role/update'), ('RBAC管理', '/admin/role/view'), ('RBAC管理', '/admin/route/*'), ('RBAC管理', '/admin/route/assign'), ('RBAC管理', '/admin/route/create'), ('RBAC管理', '/admin/route/index'), ('RBAC管理', '/admin/route/refresh'), ('RBAC管理', '/admin/route/remove'), ('RBAC管理', '/admin/rule/*'), ('RBAC管理', '/admin/rule/create'), ('RBAC管理', '/admin/rule/delete'), ('RBAC管理', '/admin/rule/index'), ('RBAC管理', '/admin/rule/update'), ('RBAC管理', '/admin/rule/view'), ('RBAC管理', '/admin/user/*'), ('RBAC管理', '/admin/user/activate'), ('RBAC管理', '/admin/user/change-password'), ('RBAC管理', '/admin/user/delete'), ('RBAC管理', '/admin/user/index'), ('RBAC管理', '/admin/user/logout'), ('RBAC管理', '/admin/user/request-password-reset'), ('RBAC管理', '/admin/user/reset-password'), ('RBAC管理', '/admin/user/signup'), ('RBAC管理', '/admin/user/view'), ('管理员', '/announcements/*'), ('管理员', '/bonus/*'), ('管理员', '/bonus/index'), ('管理员', '/branner/*'), ('管理员', '/count/*'), ('管理员', '/count/index'), ('RBAC管理', '/debug/*'), ('RBAC管理', '/debug/default/*'), ('RBAC管理', '/debug/default/db-explain'), ('RBAC管理', '/debug/default/download-mail'), ('RBAC管理', '/debug/default/index'), ('RBAC管理', '/debug/default/toolbar'), ('RBAC管理', '/debug/default/view'), ('管理员', '/deposit/*'), ('管理员', '/deposit/end'), ('管理员', '/deposit/open'), ('RBAC管理', '/dynagrid/*'), ('RBAC管理', '/dynagrid/settings/*'), ('RBAC管理', '/dynagrid/settings/get-config'), ('管理员', '/fruiter/*'), ('管理员', '/fruiter/index'), ('管理员', '/give/*'), ('管理员', '/give/index'), ('管理员', '/goods/*'), ('RBAC管理', '/gridview/*'), ('RBAC管理', '/gridview/export/*'), ('RBAC管理', '/gridview/export/download'), ('管理员', '/member/*'), ('管理员', '/outline/*'), ('管理员', '/record/*'), ('管理员', '/record/delete'), ('管理员', 'RBAC管理');
COMMIT;

-- ----------------------------
--  Table structure for `wa_auth_rule`
-- ----------------------------
DROP TABLE IF EXISTS `wa_auth_rule`;
CREATE TABLE `wa_auth_rule` (
  `name` varchar(64) COLLATE utf8_unicode_ci NOT NULL,
  `data` blob,
  `created_at` int(11) DEFAULT NULL,
  `updated_at` int(11) DEFAULT NULL,
  PRIMARY KEY (`name`)
) ENGINE=InnoDB DEFAULT CHARSET=utf8 COLLATE=utf8_unicode_ci;

-- ----------------------------
--  Table structure for `wa_bonus`
-- ----------------------------
DROP TABLE IF EXISTS `wa_bonus`;
CREATE TABLE `wa_bonus` (
  `id` int(11) NOT NULL AUTO_INCREMENT COMMENT '奖金记录自增ID',
  `member_id` int(11) NOT NULL COMMENT '会员ID',
  `coin_type` int(11) NOT NULL DEFAULT '1' COMMENT '获得类型  1:金果  2:金种子',
  `type` int(11) NOT NULL DEFAULT '0' COMMENT '获得类型 1:绩效 2:分享 3:额外分享 4:提现 5:注册奖金 6:充值 7:扣除 8:赠送 9:提现返回 10:注册扣除',
  `num` int(11) NOT NULL DEFAULT '0' COMMENT '金额',
  `created_at` int(11) NOT NULL DEFAULT '0' COMMENT '创建时间 获得时间',
  `updated_at` int(11) NOT NULL DEFAULT '0' COMMENT '更新时间',
  `poundage` int(11) DEFAULT NULL COMMENT '手续费',
  `ext_data` varchar(255) DEFAULT NULL COMMENT '扩展',
  PRIMARY KEY (`id`)
) ENGINE=InnoDB AUTO_INCREMENT=190 DEFAULT CHARSET=utf8 COMMENT='资产流水表';

-- ----------------------------
--  Records of `wa_bonus`
-- ----------------------------
BEGIN;
INSERT INTO `wa_bonus` VALUES ('1', '1', '5', '1', '5', '1496905423', '1496905423', '0', '[]'), ('2', '1', '1', '10', '500', '1496905423', '1496905423', '0', '[]'), ('3', '1', '2', '10', '400', '1496905423', '1496905423', '0', '[]'), ('4', '1', '1', '2', '300', '1496905427', '1496905427', '0', '[]'), ('5', '1', '5', '1', '5', '1496905432', '1496905432', '0', '[]'), ('6', '1', '1', '10', '500', '1496905432', '1496905432', '0', '[]'), ('7', '1', '2', '10', '400', '1496905432', '1496905432', '0', '[]'), ('8', '1', '1', '2', '300', '1496905434', '1496905434', '0', '[]'), ('9', '1', '5', '1', '5', '1496905435', '1496905435', '0', '[]'), ('10', '1', '1', '10', '500', '1496905435', '1496905435', '0', '[]'), ('11', '1', '2', '10', '400', '1496905435', '1496905435', '0', '[]'), ('12', '1', '1', '2', '300', '1496905437', '1496905437', '0', '[]'), ('13', '1', '5', '1', '5', '1496905610', '1496905610', '0', '[]'), ('14', '1', '1', '10', '500', '1496905610', '1496905610', '0', '[]'), ('15', '1', '2', '10', '400', '1496905610', '1496905610', '0', '[]'), ('16', '2', '1', '1', '150', '1496905612', '1496905612', '0', '[]'), ('17', '1', '1', '1', '150', '1496905612', '1496905612', '0', '[]'), ('18', '1', '5', '1', '5', '1496905634', '1496905634', '0', '[]'), ('19', '1', '1', '10', '500', '1496905634', '1496905634', '0', '[]'), ('20', '1', '2', '10', '400', '1496905634', '1496905634', '0', '[]'), ('21', '3', '1', '1', '150', '1496905636', '1496905636', '0', '[]'), ('22', '1', '1', '1', '150', '1496905636', '1496905636', '0', '[]'), ('23', '1', '5', '1', '5', '1496905665', '1496905665', '0', '[]'), ('24', '1', '1', '10', '500', '1496905665', '1496905665', '0', '[]'), ('25', '1', '2', '10', '400', '1496905665', '1496905665', '0', '[]'), ('26', '4', '1', '1', '150', '1496905667', '1496905667', '0', '[]'), ('27', '1', '1', '1', '150', '1496905667', '1496905667', '0', '[]'), ('28', '1', '5', '1', '5', '1496905672', '1496905672', '0', '[]'), ('29', '1', '1', '10', '500', '1496905672', '1496905672', '0', '[]'), ('30', '1', '2', '10', '400', '1496905672', '1496905672', '0', '[]'), ('31', '2', '1', '1', '150', '1496905674', '1496905674', '0', '[]'), ('32', '1', '1', '1', '150', '1496905674', '1496905674', '0', '[]'), ('33', '1', '5', '1', '5', '1496905687', '1496905687', '0', '[]'), ('34', '1', '1', '10', '500', '1496905687', '1496905687', '0', '[]'), ('35', '1', '2', '10', '400', '1496905687', '1496905687', '0', '[]'), ('36', '3', '1', '1', '150', '1496905689', '1496905689', '0', '[]'), ('37', '1', '1', '1', '150', '1496905689', '1496905689', '0', '[]'), ('38', '1', '5', '1', '5', '1496905690', '1496905690', '0', '[]'), ('39', '1', '1', '10', '500', '1496905690', '1496905690', '0', '[]'), ('40', '1', '2', '10', '400', '1496905690', '1496905690', '0', '[]'), ('41', '4', '1', '1', '150', '1496905692', '1496905692', '0', '[]'), ('42', '1', '1', '1', '150', '1496905692', '1496905692', '0', '[]'), ('43', '1', '5', '1', '5', '1496905770', '1496905770', '0', '[]'), ('44', '1', '1', '10', '500', '1496905770', '1496905770', '0', '[]'), ('45', '1', '2', '10', '400', '1496905770', '1496905770', '0', '[]'), ('46', '2', '1', '1', '150', '1496905772', '1496905772', '0', '[]'), ('47', '1', '1', '1', '150', '1496905772', '1496905772', '0', '[]'), ('48', '1', '5', '1', '5', '1496907722', '1496907722', '0', '[]'), ('49', '1', '1', '10', '400', '1496907722', '1496907722', '0', '[]'), ('50', '1', '2', '10', '500', '1496907722', '1496907722', '0', '[]'), ('51', '3', '1', '1', '150', '1496907724', '1496907724', '0', '[]'), ('52', '1', '1', '1', '150', '1496907724', '1496907724', '0', '[]'), ('53', '1', '5', '1', '5', '1496997079', '1496997079', '0', '[]'), ('54', '1', '1', '10', '500', '1496997079', '1496997079', '0', '[]'), ('55', '1', '2', '10', '400', '1496997079', '1496997079', '0', '[]'), ('56', '4', '1', '1', '150', '1496997081', '1496997081', '0', '[]'), ('57', '1', '1', '1', '150', '1496997081', '1496997081', '0', '[]'), ('58', '1', '5', '1', '5', '1497010430', '1497010430', '0', '[]'), ('59', '1', '1', '10', '500', '1497010430', '1497010430', '0', '[]'), ('60', '1', '2', '10', '400', '1497010430', '1497010430', '0', '[]'), ('61', '5', '1', '1', '150', '1497010432', '1497010432', '0', '[]'), ('62', '2', '1', '1', '150', '1497010432', '1497010432', '0', '[]'), ('63', '1', '1', '1', '150', '1497010432', '1497010432', '0', '[]'), ('64', '1', '5', '1', '5', '1497010434', '1497010434', '0', '[]'), ('65', '1', '1', '10', '500', '1497010434', '1497010434', '0', '[]'), ('66', '1', '2', '10', '400', '1497010434', '1497010434', '0', '[]'), ('67', '6', '1', '1', '150', '1497010436', '1497010436', '0', '[]'), ('68', '3', '1', '1', '150', '1497010436', '1497010436', '0', '[]'), ('69', '1', '1', '1', '150', '1497010436', '1497010436', '0', '[]'), ('70', '1', '5', '1', '5', '1497010489', '1497010489', '0', '[]'), ('71', '1', '1', '10', '500', '1497010489', '1497010489', '0', '[]'), ('72', '1', '2', '10', '400', '1497010489', '1497010489', '0', '[]'), ('73', '7', '1', '1', '150', '1497010491', '1497010491', '0', '[]'), ('74', '4', '1', '1', '150', '1497010491', '1497010491', '0', '[]'), ('75', '1', '1', '1', '150', '1497010491', '1497010491', '0', '[]'), ('76', '1', '5', '1', '5', '1497010495', '1497010495', '0', '[]'), ('77', '1', '1', '10', '500', '1497010495', '1497010495', '0', '[]'), ('78', '1', '2', '10', '400', '1497010495', '1497010495', '0', '[]'), ('79', '8', '1', '1', '150', '1497010497', '1497010497', '0', '[]'), ('80', '2', '1', '1', '150', '1497010497', '1497010497', '0', '[]'), ('81', '1', '1', '1', '150', '1497010497', '1497010497', '0', '[]'), ('82', '1', '5', '1', '5', '1497010501', '1497010501', '0', '[]'), ('83', '1', '1', '10', '500', '1497010501', '1497010501', '0', '[]'), ('84', '1', '2', '10', '400', '1497010501', '1497010501', '0', '[]'), ('85', '9', '1', '1', '150', '1497010503', '1497010503', '0', '[]'), ('86', '3', '1', '1', '150', '1497010503', '1497010503', '0', '[]'), ('87', '1', '1', '1', '150', '1497010503', '1497010503', '0', '[]'), ('88', '1', '5', '1', '5', '1497010583', '1497010583', '0', '[]'), ('89', '1', '1', '10', '500', '1497010583', '1497010583', '0', '[]'), ('90', '1', '2', '10', '400', '1497010583', '1497010583', '0', '[]'), ('91', '10', '1', '1', '150', '1497010585', '1497010585', '0', '[]'), ('92', '4', '1', '1', '150', '1497010585', '1497010585', '0', '[]'), ('93', '1', '1', '1', '150', '1497010585', '1497010585', '0', '[]'), ('94', '1', '5', '1', '5', '1497010585', '1497010585', '0', '[]'), ('95', '1', '1', '10', '500', '1497010585', '1497010585', '0', '[]'), ('96', '1', '2', '10', '400', '1497010585', '1497010585', '0', '[]'), ('97', '11', '1', '1', '150', '1497010587', '1497010587', '0', '[]'), ('98', '2', '1', '1', '150', '1497010587', '1497010587', '0', '[]'), ('99', '1', '1', '1', '150', '1497010587', '1497010587', '0', '[]'), ('100', '1', '5', '1', '5', '1497010589', '1497010589', '0', '[]'), ('101', '1', '1', '10', '500', '1497010589', '1497010589', '0', '[]'), ('102', '1', '2', '10', '400', '1497010589', '1497010589', '0', '[]'), ('103', '12', '1', '1', '150', '1497010591', '1497010591', '0', '[]'), ('104', '3', '1', '1', '150', '1497010591', '1497010591', '0', '[]'), ('105', '1', '1', '1', '150', '1497010591', '1497010591', '0', '[]'), ('106', '1', '5', '1', '5', '1497010592', '1497010592', '0', '[]'), ('107', '1', '1', '10', '500', '1497010592', '1497010592', '0', '[]'), ('108', '1', '2', '10', '400', '1497010592', '1497010592', '0', '[]'), ('109', '13', '1', '1', '150', '1497010594', '1497010594', '0', '[]'), ('110', '4', '1', '1', '150', '1497010594', '1497010594', '0', '[]'), ('111', '1', '1', '1', '150', '1497010594', '1497010594', '0', '[]'), ('112', '1', '5', '1', '5', '1497010595', '1497010595', '0', '[]'), ('113', '1', '1', '10', '500', '1497010595', '1497010595', '0', '[]'), ('114', '1', '2', '10', '400', '1497010595', '1497010595', '0', '[]'), ('115', '5', '1', '1', '150', '1497010597', '1497010597', '0', '[]'), ('116', '2', '1', '1', '150', '1497010597', '1497010597', '0', '[]'), ('117', '1', '1', '1', '150', '1497010597', '1497010597', '0', '[]'), ('118', '1', '5', '1', '5', '1497010597', '1497010597', '0', '[]'), ('119', '1', '1', '10', '500', '1497010597', '1497010597', '0', '[]'), ('120', '1', '2', '10', '400', '1497010597', '1497010597', '0', '[]'), ('121', '6', '1', '1', '150', '1497010599', '1497010599', '0', '[]'), ('122', '3', '1', '1', '150', '1497010599', '1497010599', '0', '[]'), ('123', '1', '1', '1', '150', '1497010599', '1497010599', '0', '[]'), ('124', '1', '5', '1', '5', '1497010600', '1497010600', '0', '[]'), ('125', '1', '1', '10', '500', '1497010600', '1497010600', '0', '[]'), ('126', '1', '2', '10', '400', '1497010600', '1497010600', '0', '[]'), ('127', '7', '1', '1', '150', '1497010602', '1497010602', '0', '[]'), ('128', '4', '1', '1', '150', '1497010602', '1497010602', '0', '[]'), ('129', '1', '1', '1', '150', '1497010602', '1497010602', '0', '[]'), ('130', '1', '5', '1', '5', '1497011008', '1497011008', '0', '[]'), ('131', '1', '1', '10', '500', '1497011008', '1497011008', '0', '[]'), ('132', '1', '2', '10', '400', '1497011008', '1497011008', '0', '[]'), ('133', '8', '1', '1', '150', '1497011010', '1497011010', '0', '[]'), ('134', '2', '1', '1', '150', '1497011010', '1497011010', '0', '[]'), ('135', '1', '1', '1', '150', '1497011010', '1497011010', '0', '[]'), ('136', '1', '5', '1', '5', '1497011011', '1497011011', '0', '[]'), ('137', '1', '1', '10', '500', '1497011011', '1497011011', '0', '[]'), ('138', '1', '2', '10', '400', '1497011011', '1497011011', '0', '[]'), ('139', '9', '1', '1', '150', '1497011013', '1497011013', '0', '[]'), ('140', '3', '1', '1', '150', '1497011013', '1497011013', '0', '[]'), ('141', '1', '1', '1', '150', '1497011013', '1497011013', '0', '[]'), ('142', '1', '5', '1', '5', '1497011014', '1497011014', '0', '[]'), ('143', '1', '1', '10', '500', '1497011014', '1497011014', '0', '[]'), ('144', '1', '2', '10', '400', '1497011014', '1497011014', '0', '[]'), ('145', '10', '1', '1', '150', '1497011016', '1497011016', '0', '[]'), ('146', '4', '1', '1', '150', '1497011016', '1497011016', '0', '[]'), ('147', '1', '1', '1', '150', '1497011016', '1497011016', '0', '[]'), ('148', '1', '5', '1', '5', '1497011017', '1497011017', '0', '[]'), ('149', '1', '1', '10', '500', '1497011017', '1497011017', '0', '[]'), ('150', '1', '2', '10', '400', '1497011017', '1497011017', '0', '[]'), ('151', '11', '1', '1', '150', '1497011018', '1497011018', '0', '[]'), ('152', '2', '1', '1', '150', '1497011018', '1497011018', '0', '[]'), ('153', '1', '1', '1', '150', '1497011018', '1497011018', '0', '[]'), ('154', '1', '5', '1', '5', '1497011019', '1497011019', '0', '[]'), ('155', '1', '1', '10', '500', '1497011019', '1497011019', '0', '[]'), ('156', '1', '2', '10', '400', '1497011019', '1497011019', '0', '[]'), ('157', '12', '1', '1', '150', '1497011021', '1497011021', '0', '[]'), ('158', '3', '1', '1', '150', '1497011021', '1497011021', '0', '[]'), ('159', '1', '1', '1', '150', '1497011021', '1497011021', '0', '[]'), ('160', '1', '5', '1', '5', '1497011022', '1497011022', '0', '[]'), ('161', '1', '1', '10', '500', '1497011022', '1497011022', '0', '[]'), ('162', '1', '2', '10', '400', '1497011022', '1497011022', '0', '[]'), ('163', '13', '1', '1', '150', '1497011024', '1497011024', '0', '[]'), ('164', '4', '1', '1', '150', '1497011024', '1497011024', '0', '[]'), ('165', '1', '1', '1', '150', '1497011024', '1497011024', '0', '[]'), ('166', '1', '5', '1', '5', '1497011024', '1497011024', '0', '[]'), ('167', '1', '1', '10', '500', '1497011024', '1497011024', '0', '[]'), ('168', '1', '2', '10', '400', '1497011024', '1497011024', '0', '[]'), ('169', '5', '1', '1', '150', '1497011026', '1497011026', '0', '[]'), ('170', '2', '1', '1', '150', '1497011026', '1497011026', '0', '[]'), ('171', '1', '1', '1', '150', '1497011026', '1497011026', '0', '[]'), ('172', '1', '5', '1', '5', '1497011027', '1497011027', '0', '[]'), ('173', '1', '1', '10', '500', '1497011027', '1497011027', '0', '[]'), ('174', '1', '2', '10', '400', '1497011027', '1497011027', '0', '[]'), ('175', '6', '1', '1', '150', '1497011029', '1497011029', '0', '[]'), ('176', '3', '1', '1', '150', '1497011029', '1497011029', '0', '[]'), ('177', '1', '1', '1', '150', '1497011029', '1497011029', '0', '[]'), ('178', '1', '5', '1', '5', '1497011030', '1497011030', '0', '[]'), ('179', '1', '1', '10', '500', '1497011030', '1497011030', '0', '[]'), ('180', '1', '2', '10', '400', '1497011030', '1497011030', '0', '[]'), ('181', '7', '1', '1', '150', '1497011032', '1497011032', '0', '[]'), ('182', '4', '1', '1', '150', '1497011032', '1497011032', '0', '[]'), ('183', '1', '1', '1', '150', '1497011032', '1497011032', '0', '[]'), ('184', '1', '5', '1', '5', '1497074910', '1497074910', '0', '[]'), ('185', '1', '1', '10', '500', '1497074910', '1497074910', '0', '[]'), ('186', '1', '2', '10', '400', '1497074910', '1497074910', '0', '[]'), ('187', '8', '1', '1', '150', '1497074912', '1497074912', '0', '[]'), ('188', '2', '1', '1', '150', '1497074912', '1497074912', '0', '[]'), ('189', '1', '1', '1', '150', '1497074912', '1497074912', '0', '[]');
COMMIT;

-- ----------------------------
--  Table structure for `wa_branner`
-- ----------------------------
DROP TABLE IF EXISTS `wa_branner`;
CREATE TABLE `wa_branner` (
  `id` int(11) unsigned NOT NULL AUTO_INCREMENT,
  `name` varchar(30) DEFAULT NULL COMMENT '轮播图名称',
  `content` text COMMENT '图片',
  `status` int(11) DEFAULT NULL COMMENT '状态',
  `img` varchar(255) DEFAULT NULL,
  PRIMARY KEY (`id`)
) ENGINE=InnoDB DEFAULT CHARSET=utf8 COMMENT='轮播图管理';

-- ----------------------------
--  Table structure for `wa_deposit`
-- ----------------------------
DROP TABLE IF EXISTS `wa_deposit`;
CREATE TABLE `wa_deposit` (
  `id` int(11) NOT NULL AUTO_INCREMENT COMMENT '充值记录自增ID',
  `member_id` int(11) NOT NULL DEFAULT '1' COMMENT '充值会员id',
  `type` int(11) NOT NULL DEFAULT '1' COMMENT '币种 1:金果 2:金种子',
  `operation` int(11) NOT NULL DEFAULT '1' COMMENT '操作类型 1:充值 2:扣除',
  `num` int(11) NOT NULL DEFAULT '0' COMMENT '金额',
  `created_at` int(11) NOT NULL DEFAULT '0' COMMENT '创建时间 奖金获得时间',
  `updated_at` int(11) NOT NULL DEFAULT '0' COMMENT '更新时间',
  PRIMARY KEY (`id`),
  KEY `member_id` (`member_id`)
) ENGINE=InnoDB DEFAULT CHARSET=utf8 COMMENT='充值和扣除记录表';

-- ----------------------------
--  Table structure for `wa_district`
-- ----------------------------
DROP TABLE IF EXISTS `wa_district`;
CREATE TABLE `wa_district` (
  `id` int(11) NOT NULL AUTO_INCREMENT,
  `member_id` int(11) NOT NULL COMMENT '会员id',
  `district` int(11) NOT NULL COMMENT '区域id',
  `seat` int(11) DEFAULT NULL COMMENT '座位id',
  `created_at` int(11) DEFAULT NULL COMMENT '添加时间',
  PRIMARY KEY (`id`)
) ENGINE=InnoDB AUTO_INCREMENT=123 DEFAULT CHARSET=utf8mb4 COMMENT='座位区域表';

-- ----------------------------
--  Records of `wa_district`
-- ----------------------------
BEGIN;
INSERT INTO `wa_district` VALUES ('1', '1', '1', '1', '1496630244'), ('2', '2', '2', '1', '1496905425'), ('3', '2', '1', '2', '1496905427'), ('4', '3', '3', '1', '1496905434'), ('5', '3', '1', '3', '1496905434'), ('6', '4', '4', '1', '1496905437'), ('7', '4', '1', '4', '1496905437'), ('8', '5', '5', '1', '1496905612'), ('9', '5', '2', '2', '1496905612'), ('10', '5', '1', '5', '1496905612'), ('11', '6', '6', '1', '1496905636'), ('12', '6', '3', '2', '1496905636'), ('13', '6', '1', '6', '1496905636'), ('14', '7', '7', '1', '1496905667'), ('15', '7', '4', '2', '1496905667'), ('16', '7', '1', '7', '1496905667'), ('17', '8', '8', '1', '1496905674'), ('18', '8', '2', '3', '1496905674'), ('19', '8', '1', '8', '1496905674'), ('20', '9', '9', '1', '1496905689'), ('21', '9', '3', '3', '1496905689'), ('22', '9', '1', '9', '1496905689'), ('23', '10', '10', '1', '1496905692'), ('24', '10', '4', '3', '1496905692'), ('25', '10', '1', '10', '1496905692'), ('26', '11', '11', '1', '1496905772'), ('27', '11', '2', '4', '1496905772'), ('28', '11', '1', '11', '1496905772'), ('29', '12', '12', '1', '1496907724'), ('30', '12', '3', '4', '1496907724'), ('31', '12', '1', '12', '1496907724'), ('32', '13', '13', '1', '1496997081'), ('33', '13', '4', '4', '1496997081'), ('34', '13', '1', '13', '1496997081'), ('35', '14', '14', '1', '1497010432'), ('36', '14', '5', '2', '1497010432'), ('37', '14', '2', '5', '1497010432'), ('38', '14', '1', '14', '1497010432'), ('39', '15', '15', '1', '1497010436'), ('40', '15', '6', '2', '1497010436'), ('41', '15', '3', '5', '1497010436'), ('42', '15', '1', '15', '1497010436'), ('43', '16', '16', '1', '1497010491'), ('44', '16', '7', '2', '1497010491'), ('45', '16', '4', '5', '1497010491'), ('46', '16', '1', '16', '1497010491'), ('47', '17', '17', '1', '1497010497'), ('48', '17', '8', '2', '1497010497'), ('49', '17', '2', '6', '1497010497'), ('50', '17', '1', '17', '1497010497'), ('51', '18', '18', '1', '1497010503'), ('52', '18', '9', '2', '1497010503'), ('53', '18', '3', '6', '1497010503'), ('54', '18', '1', '18', '1497010503'), ('55', '19', '19', '1', '1497010585'), ('56', '19', '10', '2', '1497010585'), ('57', '19', '4', '6', '1497010585'), ('58', '19', '1', '19', '1497010585'), ('59', '20', '20', '1', '1497010587'), ('60', '20', '11', '2', '1497010587'), ('61', '20', '2', '7', '1497010587'), ('62', '20', '1', '20', '1497010587'), ('63', '21', '21', '1', '1497010591'), ('64', '21', '12', '2', '1497010591'), ('65', '21', '3', '7', '1497010591'), ('66', '21', '1', '21', '1497010591'), ('67', '22', '22', '1', '1497010594'), ('68', '22', '13', '2', '1497010594'), ('69', '22', '4', '7', '1497010594'), ('70', '22', '1', '22', '1497010594'), ('71', '23', '23', '1', '1497010597'), ('72', '23', '5', '3', '1497010597'), ('73', '23', '2', '8', '1497010597'), ('74', '23', '1', '23', '1497010597'), ('75', '24', '24', '1', '1497010599'), ('76', '24', '6', '3', '1497010599'), ('77', '24', '3', '8', '1497010599'), ('78', '24', '1', '24', '1497010599'), ('79', '25', '25', '1', '1497010602'), ('80', '25', '7', '3', '1497010602'), ('81', '25', '4', '8', '1497010602'), ('82', '25', '1', '25', '1497010602'), ('83', '26', '26', '1', '1497011010'), ('84', '26', '8', '3', '1497011010'), ('85', '26', '2', '9', '1497011010'), ('86', '26', '1', '26', '1497011010'), ('87', '27', '27', '1', '1497011013'), ('88', '27', '9', '3', '1497011013'), ('89', '27', '3', '9', '1497011013'), ('90', '27', '1', '27', '1497011013'), ('91', '28', '28', '1', '1497011016'), ('92', '28', '10', '3', '1497011016'), ('93', '28', '4', '9', '1497011016'), ('94', '28', '1', '28', '1497011016'), ('95', '29', '29', '1', '1497011018'), ('96', '29', '11', '3', '1497011018'), ('97', '29', '2', '10', '1497011018'), ('98', '29', '1', '29', '1497011018'), ('99', '30', '30', '1', '1497011021'), ('100', '30', '12', '3', '1497011021'), ('101', '30', '3', '10', '1497011021'), ('102', '30', '1', '30', '1497011021'), ('103', '31', '31', '1', '1497011024'), ('104', '31', '13', '3', '1497011024'), ('105', '31', '4', '10', '1497011024'), ('106', '31', '1', '31', '1497011024'), ('107', '32', '32', '1', '1497011026'), ('108', '32', '5', '4', '1497011026'), ('109', '32', '2', '11', '1497011026'), ('110', '32', '1', '32', '1497011026'), ('111', '33', '33', '1', '1497011029'), ('112', '33', '6', '4', '1497011029'), ('113', '33', '3', '11', '1497011029'), ('114', '33', '1', '33', '1497011029'), ('115', '34', '34', '1', '1497011032'), ('116', '34', '7', '4', '1497011032'), ('117', '34', '4', '11', '1497011032'), ('118', '34', '1', '34', '1497011032'), ('119', '35', '35', '1', '1497074912'), ('120', '35', '8', '4', '1497074912'), ('121', '35', '2', '12', '1497074912'), ('122', '35', '1', '35', '1497074912');
COMMIT;

-- ----------------------------
--  Table structure for `wa_fruiter`
-- ----------------------------
DROP TABLE IF EXISTS `wa_fruiter`;
CREATE TABLE `wa_fruiter` (
  `id` int(11) unsigned NOT NULL AUTO_INCREMENT COMMENT '果树自增id',
  `member_id` int(11) NOT NULL COMMENT '会员id',
  `order_sn` varchar(255) NOT NULL COMMENT '订单号',
  `fruiter_name` varchar(20) DEFAULT NULL COMMENT '果树名称',
  `updated_at` int(10) DEFAULT NULL,
  `fruiter_img` varchar(255) DEFAULT NULL COMMENT '果树图片',
  `created_at` int(10) NOT NULL COMMENT '补充时间',
  `status` int(1) NOT NULL DEFAULT '0' COMMENT '状态 1:已补充 0:未补充',
  PRIMARY KEY (`id`)
) ENGINE=InnoDB DEFAULT CHARSET=utf8 COMMENT='果树管理表';

-- ----------------------------
--  Table structure for `wa_fruiter_img`
-- ----------------------------
DROP TABLE IF EXISTS `wa_fruiter_img`;
CREATE TABLE `wa_fruiter_img` (
  `id` int(11) NOT NULL AUTO_INCREMENT,
  `fruiter_id` int(11) NOT NULL DEFAULT '0' COMMENT '果树ID',
  `img_path` varchar(255) NOT NULL COMMENT '存放路径',
  PRIMARY KEY (`id`)
) ENGINE=InnoDB DEFAULT CHARSET=utf8mb4 COMMENT='果树图片表';

-- ----------------------------
--  Table structure for `wa_give`
-- ----------------------------
DROP TABLE IF EXISTS `wa_give`;
CREATE TABLE `wa_give` (
  `id` int(10) unsigned NOT NULL AUTO_INCREMENT,
  `member_id` int(11) DEFAULT NULL COMMENT '会员id',
  `give_member_id` int(11) DEFAULT NULL COMMENT '赠送会员id',
  `type` int(11) DEFAULT NULL COMMENT '赠送类别  1:金果   2:金种子',
  `created_at` int(14) DEFAULT NULL COMMENT '赠送时间',
  `give_coin` int(11) DEFAULT NULL COMMENT '赠送金额',
  PRIMARY KEY (`id`)
) ENGINE=MyISAM DEFAULT CHARSET=utf8;

-- ----------------------------
--  Table structure for `wa_goods`
-- ----------------------------
DROP TABLE IF EXISTS `wa_goods`;
CREATE TABLE `wa_goods` (
  `id` int(11) unsigned NOT NULL AUTO_INCREMENT,
  `name` varchar(30) DEFAULT NULL COMMENT '商品名字',
  `img` varchar(255) DEFAULT NULL COMMENT '商品图片',
  `price` int(11) DEFAULT NULL COMMENT '商品价格',
  `describe` text COMMENT '商品描述',
  PRIMARY KEY (`id`)
) ENGINE=InnoDB AUTO_INCREMENT=4 DEFAULT CHARSET=utf8 COMMENT='商品管理';

-- ----------------------------
--  Records of `wa_goods`
-- ----------------------------
BEGIN;
INSERT INTO `wa_goods` VALUES ('2', '100', null, '1', '11'), ('3', '1', null, '100', '100');
COMMIT;

-- ----------------------------
--  Table structure for `wa_goods_img`
-- ----------------------------
DROP TABLE IF EXISTS `wa_goods_img`;
CREATE TABLE `wa_goods_img` (
  `id` int(11) NOT NULL AUTO_INCREMENT,
  `goods_id` int(11) NOT NULL DEFAULT '0' COMMENT '模型名',
  `img_path` varchar(255) NOT NULL COMMENT '存放路径',
  PRIMARY KEY (`id`)
) ENGINE=InnoDB AUTO_INCREMENT=4 DEFAULT CHARSET=utf8mb4 COMMENT='商品图片表';

-- ----------------------------
--  Records of `wa_goods_img`
-- ----------------------------
BEGIN;
INSERT INTO `wa_goods_img` VALUES ('3', '3', '/upload/goods_imgs/2017-06-08/bbcb95aa7ced4d0098283366c2b85090fd8fdf80.gif');
COMMIT;

-- ----------------------------
--  Table structure for `wa_member`
-- ----------------------------
DROP TABLE IF EXISTS `wa_member`;
CREATE TABLE `wa_member` (
  `id` int(11) NOT NULL AUTO_INCREMENT COMMENT '会员自增ID',
  `parent_id` int(10) NOT NULL DEFAULT '1' COMMENT '直推会员id',
  `name` varchar(255) NOT NULL DEFAULT '' COMMENT '用户姓名',
  `password` varchar(255) NOT NULL DEFAULT '' COMMENT '会员密码',
  `mobile` varchar(255) NOT NULL DEFAULT '' COMMENT '电话',
  `deposit_bank` varchar(255) NOT NULL DEFAULT '' COMMENT '开户行',
  `bank_account` varchar(255) NOT NULL DEFAULT '' COMMENT '银行账号',
  `address` varchar(255) NOT NULL DEFAULT '' COMMENT '地址',
  `last_login_time` int(10) NOT NULL DEFAULT '0' COMMENT '最后登录时间',
  `status` int(10) NOT NULL DEFAULT '1' COMMENT '状态 0:被冻结 1:正常 2:已退网',
  `created_at` int(11) NOT NULL DEFAULT '0' COMMENT '创建时间 注册时间 入网时间',
  `updated_at` int(11) NOT NULL DEFAULT '0' COMMENT '更新时间 退网时间',
  `vip_number` int(11) NOT NULL COMMENT '会员卡号',
  `a_coin` int(11) NOT NULL COMMENT '金果数',
  `b_coin` int(11) NOT NULL COMMENT '金种子数',
  `child_num` int(11) NOT NULL COMMENT '直推数量',
  `out_status` int(10) NOT NULL DEFAULT '0' COMMENT '是否可以退网 0:否 1:是',
  PRIMARY KEY (`id`)
) ENGINE=InnoDB AUTO_INCREMENT=36 DEFAULT CHARSET=utf8 COMMENT='会员信息表';

-- ----------------------------
--  Records of `wa_member`
-- ----------------------------
BEGIN;
INSERT INTO `wa_member` VALUES ('1', '1', 'member1', '$2y$13$gu094onaVGc9v5Juiz6SD.Tcoxio8IANlYRZjgd7mlFEDjS1OtIVK', '13219890986', '成都银行', '62284848822113464', '环球中心', '1496629517', '1', '0', '1496629900', '1', '99994949', '2147479647', '34', '0'), ('2', '1', '测试注册', '$2y$13$JvTH0Bp41fN6H8tRlQtJwOvJGkE5aDLvgzoxmZwdSzLS/Um/TJ/F.', '13812345678', '', '', '', '0', '1', '1496905423', '1496905423', '2', '0', '0', '0', '0'), ('3', '1', '测试注册', '$2y$13$mcl8mMSVI.EF6t9cUHmz8Odlv2b2S9qyOYvvHumUXWRnbJSlMAnqC', '13812345678', '', '', '', '0', '1', '1496905432', '1496905432', '3', '0', '0', '0', '0'), ('4', '1', '测试注册', '$2y$13$Uf66/GJ6aV1U5UTf7t1KDefWhcTAUXR1H2xg3Clpe.bQKOQDfnJv.', '13812345678', '', '', '', '0', '1', '1496905435', '1496905435', '4', '0', '0', '0', '0'), ('5', '1', '测试注册', '$2y$13$NpzVKcrffoHop/AreTfv9eKSqt7dCjIHGFVGjzbpxkwToLi7226kC', '13812345678', '', '', '', '0', '1', '1496905610', '1496905610', '5', '0', '0', '0', '0'), ('6', '1', '测试注册', '$2y$13$Oknr5ozzK8vU4doJSgI1dOK36SjN4oCCm2/NenC3T1oLNQ4dOiD0W', '13812345678', '', '', '', '0', '1', '1496905634', '1496905634', '6', '0', '0', '0', '0'), ('7', '1', '测试注册', '$2y$13$P3Owxtj.rm/7/d3PKH4KQe6hoWaPCZ5vyCBERga8x.rJVQbDWSd4y', '13812345678', '', '', '', '0', '1', '1496905665', '1496905665', '7', '0', '0', '0', '0'), ('8', '1', '测试注册', '$2y$13$bLpdoQdp5ryEwPNEIoZsv.izhIMcpj.fMR3m1RA0GSbMdmrKZWUeK', '13812345678', '', '', '', '0', '1', '1496905672', '1496905672', '8', '0', '0', '0', '0'), ('9', '1', '测试注册', '$2y$13$sXVgPeWUZLDPE7sPGbTQc.tZRgUXvfltcpBXgbDUCNBluC3fl6Zaa', '13812345678', '', '', '', '0', '1', '1496905687', '1496905687', '9', '0', '0', '0', '0'), ('10', '1', '测试注册', '$2y$13$LpYWtNdkqL1YUIU4IoxN8uEeT.4bEK22BuTSob43BuYfdEFgVPUBm', '13812345678', '', '', '', '0', '1', '1496905690', '1496905690', '10', '0', '0', '0', '0'), ('11', '1', '测试注册', '$2y$13$g/KdOUaffD.Jgr46WPMfj.7Iuq6hDBECrf9iSYZAtORMYkMvoMz/e', '13812345678', '', '', '', '0', '1', '1496905770', '1496905770', '11', '0', '0', '0', '0'), ('12', '1', '123', '$2y$13$EI6x9ReAvFXE28NlaG5Uxu8jZGXLMnQ.CeLyrmVm4AiitCADjFGOq', '13161672102', '', '', '', '0', '1', '1496907722', '1496907722', '12', '0', '0', '0', '0'), ('13', '1', '测试注册', '$2y$13$1HDXJ8VzyMnfOPsT1SaBUegGh6fL9Yp14iv.bz0wFlMl3eYSZGyQO', '13812345678', '', '', '', '0', '1', '1496997079', '1496997079', '13', '0', '0', '0', '0'), ('14', '1', '测试注册', '$2y$13$xUJZv3vdXddS7vr0ruXh4O.jCfqdX8KvQausn1JqXKgPSwUyb8ChS', '13812345678', '', '', '', '0', '1', '1497010430', '1497010430', '14', '0', '0', '0', '0'), ('15', '1', '测试注册', '$2y$13$RicKtTR40E2q8K8fqcJKgecKhI7VYJyX.oP9PfPGiO9nVqSvz6D9S', '13812345678', '', '', '', '0', '1', '1497010434', '1497010434', '15', '0', '0', '0', '0'), ('16', '1', '测试注册', '$2y$13$jWtEzCSXdMpqAi0y4s8enuk1C3dqMBC33YD4Dm7iFTqWbxECFzJpC', '13812345678', '', '', '', '0', '1', '1497010489', '1497010489', '16', '0', '0', '0', '0'), ('17', '1', '测试注册', '$2y$13$1D2uiLppBr/2p3WpSKpVrOGI1TYKXLa0vmZI2UJ7t4A/DzRarpDKS', '13812345678', '', '', '', '0', '1', '1497010495', '1497010495', '17', '0', '0', '0', '0'), ('18', '1', '测试注册', '$2y$13$oh7QvN0ojEmS8RmGpYXwPOSZR5Lr0f6NbVMREWlE8VpExDiD1XIAG', '13812345678', '', '', '', '0', '1', '1497010501', '1497010501', '18', '0', '0', '0', '0'), ('19', '1', '测试注册', '$2y$13$XjpPw8cSHAtShwfm62g9M.24MqE4fq/lr.1a9.HCWgKnR10aTD7OG', '13812345678', '', '', '', '0', '1', '1497010583', '1497010583', '19', '0', '0', '0', '0'), ('20', '1', '测试注册', '$2y$13$7gn5VJRlu0Fn/YYC56ZX9ehijMEwUSK0S.ND3d7ysfi3A38EyZC/S', '13812345678', '', '', '', '0', '1', '1497010585', '1497010585', '20', '0', '0', '0', '0'), ('21', '1', '测试注册', '$2y$13$AYcpF0cc1hT3UAFIgbfJfuJRe18uYDDMWl3ln9jHRTuMzeMlhsntS', '13812345678', '', '', '', '0', '1', '1497010589', '1497010589', '21', '0', '0', '0', '0'), ('22', '1', '测试注册', '$2y$13$onQuv82HvwhN3dkYRr1dhO0gzzQAHkGbt8feHZQEn/qJqusG9bjrq', '13812345678', '', '', '', '0', '1', '1497010592', '1497010592', '22', '0', '0', '0', '0'), ('23', '1', '测试注册', '$2y$13$POZ5.LCToajCohmYfZHeqerLRNKgVhpUfbPvQnvZLD8OqaCxogftW', '13812345678', '', '', '', '0', '1', '1497010595', '1497010595', '23', '0', '0', '0', '0'), ('24', '1', '测试注册', '$2y$13$GIXhmvmfZpffQuWZwE5yLu01iQ0VeWocDOmPUvWJp2LYldDDcEp16', '13812345678', '', '', '', '0', '1', '1497010597', '1497010597', '24', '0', '0', '0', '0'), ('25', '1', '测试注册', '$2y$13$hANt0MZUcj2lpMK5THaFs.jg3NmDQeOS34pTzsP.wUbd.c6Gl42Ia', '13812345678', '', '', '', '0', '1', '1497010600', '1497010600', '25', '0', '0', '0', '0'), ('26', '1', '测试注册', '$2y$13$2qtyUEHUX0QdyIYbq4F1SOJ9MaS19Vxaf0kQLM7V/JhQaBHc/3wu6', '13812345678', '', '', '', '0', '1', '1497011008', '1497011008', '26', '0', '0', '0', '0'), ('27', '1', '测试注册', '$2y$13$XqnDw.PNr3WwhthjoMMq/u45qaBw/FQ8JI4v6uYrH18mNXQizdiIu', '13812345678', '', '', '', '0', '1', '1497011011', '1497011011', '27', '0', '0', '0', '0'), ('28', '1', '测试注册', '$2y$13$1BVLSyPpicS9WiyCl//UF.9rj7PdyoAajCKKYnNqCs5xxRneddEK2', '13812345678', '', '', '', '0', '1', '1497011014', '1497011014', '28', '0', '0', '0', '0'), ('29', '1', '测试注册', '$2y$13$c4XczkBLZopS.zTqwCq0uuTlOX2TO63TlWnuYVj/WG7xi7z/AgZrK', '13812345678', '', '', '', '0', '1', '1497011017', '1497011017', '29', '0', '0', '0', '0'), ('30', '1', '测试注册', '$2y$13$1zNx.rvx6OKt73qIKporEOkz70G5qwIeaAGox5gi6aJGG3P2896ka', '13812345678', '', '', '', '0', '1', '1497011019', '1497011019', '30', '0', '0', '0', '0'), ('31', '1', '测试注册', '$2y$13$7/XyRzmjyMTcUApMG03f3uOTU/0Hw4klef2r.IZPhQYO9ObMVcaBa', '13812345678', '', '', '', '0', '1', '1497011022', '1497011022', '31', '0', '0', '0', '0'), ('32', '1', '测试注册', '$2y$13$y0B3u8Kpmn9TK5eO8gnTAetSLujk/eThKIMEp2AJ5eB3HW5M38ECS', '13812345678', '', '', '', '0', '1', '1497011024', '1497011024', '32', '0', '0', '0', '0'), ('33', '1', '测试注册', '$2y$13$YUNXY7pokfJlfqfnV6O1BOK7Kkso.yizoNrcZsivIi7mi6iFByHj.', '13812345678', '', '', '', '0', '1', '1497011027', '1497011027', '33', '0', '0', '0', '0'), ('34', '1', '测试注册', '$2y$13$mVdaQ8CglsDXbdG44Soq2OavsAK1SHj0IfYpQsQAwjM3flQuz5RTe', '13812345678', '', '', '', '0', '1', '1497011030', '1497011030', '34', '0', '0', '0', '0'), ('35', '1', '测试注册', '$2y$13$jbpkxAf7GjkwF0tKOrdCp.6wRvnGdnbFlXpPSv6MSzhG3HlHlP8tq', '13812345678', '', '', '', '0', '1', '1497074910', '1497074910', '35', '0', '0', '0', '0');
COMMIT;

-- ----------------------------
--  Table structure for `wa_member_district`
-- ----------------------------
DROP TABLE IF EXISTS `wa_member_district`;
CREATE TABLE `wa_member_district` (
  `id` int(11) NOT NULL AUTO_INCREMENT,
  `member_id` int(11) DEFAULT NULL COMMENT '会员id',
  `district` int(11) DEFAULT NULL COMMENT '区id',
  `is_ extra` tinyint(1) DEFAULT '0' COMMENT '是否是本身39个会员形成的区；1是 0否',
  PRIMARY KEY (`id`)
) ENGINE=InnoDB DEFAULT CHARSET=utf8mb4 COMMENT='会员直推区表';

-- ----------------------------
--  Table structure for `wa_menu`
-- ----------------------------
DROP TABLE IF EXISTS `wa_menu`;
CREATE TABLE `wa_menu` (
  `id` int(11) NOT NULL AUTO_INCREMENT,
  `name` varchar(128) NOT NULL,
  `parent` int(11) DEFAULT NULL,
  `route` varchar(255) DEFAULT NULL,
  `order` int(11) DEFAULT NULL,
  `data` blob,
  `icon` varchar(32) DEFAULT NULL COMMENT '菜单icon',
  PRIMARY KEY (`id`),
  KEY `parent` (`parent`),
  CONSTRAINT `wa_menu_ibfk_1` FOREIGN KEY (`parent`) REFERENCES `wa_menu` (`id`) ON DELETE SET NULL ON UPDATE CASCADE
) ENGINE=InnoDB AUTO_INCREMENT=22 DEFAULT CHARSET=utf8;

-- ----------------------------
--  Records of `wa_menu`
-- ----------------------------
BEGIN;
INSERT INTO `wa_menu` VALUES ('1', '权限管理', null, '/admin/user/index', null, 0x66610d0a, ''), ('2', '管理员列表', '1', '/admin/user/index', null, 0x3c6920636c6173733d22666122202f3e, ''), ('3', '分配', '1', '/admin/assignment/index', null, null, ''), ('4', '角色列表', '1', '/admin/role/index', null, null, 'aa'), ('5', '路由列表', '1', '/admin/route/index', null, null, null), ('6', '规则列表', '1', '/admin/rule/index', null, null, null), ('7', '菜单列表', '1', '/admin/menu/index', null, null, null), ('8', '会员管理', null, '/member/index', null, null, null), ('9', '财务管理', null, '/record/index', null, null, null), ('10', '退网记录', '8', '/outline/index', null, null, null), ('11', '会员信息', '8', '/member/index', null, null, null), ('12', '公告管理', null, '/announcements/index', null, null, null), ('13', '广告管理', null, '/branner/index', null, 0xe5898de58fb0e8bdaee692ade59bbee78987e79a84e7aea1e79086, null), ('14', '赠送记录', '8', '/give/index', null, null, null), ('15', '果树管理', null, '/fruiter/index', null, null, null), ('16', '统计中心', null, '/count/index', null, null, null), ('17', '商品管理', null, '/goods/index', null, null, null), ('18', '充值管理', null, '/deposit/index', null, null, null), ('19', '充值', '18', '/deposit/open', null, null, null), ('20', '扣除', '18', '/deposit/end', null, null, null), ('21', '充值记录', '18', '/deposit/index', null, null, null);
COMMIT;

-- ----------------------------
--  Table structure for `wa_migration`
-- ----------------------------
DROP TABLE IF EXISTS `wa_migration`;
CREATE TABLE `wa_migration` (
  `version` varchar(180) NOT NULL,
  `apply_time` int(11) DEFAULT NULL,
  PRIMARY KEY (`version`)
) ENGINE=InnoDB DEFAULT CHARSET=latin1;

-- ----------------------------
--  Table structure for `wa_order`
-- ----------------------------
DROP TABLE IF EXISTS `wa_order`;
CREATE TABLE `wa_order` (
  `id` int(11) unsigned NOT NULL AUTO_INCREMENT,
  `order_sn` varchar(50) DEFAULT NULL COMMENT '订单号',
  `member_id` int(11) DEFAULT NULL COMMENT '购买会员id',
  `name` varchar(30) DEFAULT NULL COMMENT '商品名字',
  `price` int(11) DEFAULT NULL COMMENT '商品价格',
  `status` int(11) DEFAULT NULL COMMENT '状态',
  `goods_id` int(11) NOT NULL COMMENT '商品id',
  PRIMARY KEY (`id`)
) ENGINE=InnoDB DEFAULT CHARSET=utf8 COMMENT='订单管理';

-- ----------------------------
--  Table structure for `wa_outline`
-- ----------------------------
DROP TABLE IF EXISTS `wa_outline`;
CREATE TABLE `wa_outline` (
  `id` int(11) NOT NULL AUTO_INCREMENT COMMENT '退网记录自增ID',
  `member_id` int(10) NOT NULL DEFAULT '0' COMMENT '退网会员ID',
  `status` int(10) NOT NULL DEFAULT '1' COMMENT '账号状态 1:正常 0:禁用',
  `created_at` int(10) NOT NULL DEFAULT '0' COMMENT '创建时间',
  `updated_at` int(10) NOT NULL DEFAULT '0' COMMENT '更新时间',
  PRIMARY KEY (`id`)
) ENGINE=InnoDB DEFAULT CHARSET=utf8 COMMENT='退网表';

-- ----------------------------
--  Table structure for `wa_record`
-- ----------------------------
DROP TABLE IF EXISTS `wa_record`;
CREATE TABLE `wa_record` (
  `id` int(10) unsigned NOT NULL AUTO_INCREMENT,
  `member_id` int(11) DEFAULT NULL COMMENT '会员id',
  `created_at` int(11) DEFAULT NULL COMMENT '申请时间',
  `coin` int(11) DEFAULT NULL COMMENT '申请金额',
  `updated_at` int(10) DEFAULT NULL COMMENT '处理时间',
  `status` int(3) DEFAULT NULL COMMENT '状态',
  `charge` int(11) DEFAULT NULL COMMENT '手续费',
  `total` int(11) DEFAULT NULL COMMENT '总额',
  `date` varchar(50) DEFAULT NULL,
  PRIMARY KEY (`id`)
) ENGINE=InnoDB DEFAULT CHARSET=utf8 COMMENT='提现记录表';

SET FOREIGN_KEY_CHECKS = 1;
